Username,Name,Gender,DOB,Occupation,Subscribed, Total Spend 
Neaudde1978,"  Mr 	Bailey Glover  ",male,01/12/1979,Support staff clerk,01/10/2015,"1,257.45"
Yaress39,"Mrs  	 Isabella   Fowler",female,04/08/1960,Sales worker supervisor,24/03/2016,771.99
Behonell," Mrs Chloe 	Kirby  ",female,28/06/1949,Employee benefits specialist,07/06/2016,"1,021.77"
Shimpay," Mrs Louise 	Clark  ",female,07/01/1995,Clinical social worker,03/11/2016,234.76
Siall1985,"Mr Harrison 	 Bowen",female,04/04/1987,Semiconductor processor,25/03/2016,628.07
Phey1965,"Mrs Georgina 	Banks",female,04/03/1967,Amusement and recreation attendant,20/05/2014,"1,294.51"
Shearompal,"Ms Ellie 	Hudson",male,10/05/1956,Construction millwright,08/06/2014,"2,181.81"
Chaptes77,"Mrs  	Caitlin Harris",male,04/06/1978,Microbiology technologist,12/09/2015,"1,142.29"
Lairieve1993,"Mr Zak 	Potter",female,11/06/1994,Engine and other machine assembler,18/09/2016,453.67
Riculd29,"  Mr 	Jordan Andrews  ",female,30/08/1950,Telecommunications specialist,30/08/2014,"1,107.94"
Aphis1966," Mrs Katie 	Reynolds  ",female,12/08/1967,Industrial maintenance worker,15/09/2014,"2,867.68"
Neave1959,"Mrs Anna 	     Sharp",female,02/02/1960,Television camera operator,18/09/2016,140.04
Nicterims1993,"  Mrs 	Daisy Anderson  ",male,05/07/1995,Automation and control technician,29/01/2015,"2,417.81"
Ambleverce,"Mr Declan 	Hancock",female,28/09/1966,Automated teller machine technician,11/03/2016,40.31
Awyear,"  Mr 	Spencer Vincent  ",female,11/06/1980,Medical translator,03/07/2015,643.68
Entioncesay,"Mr Evan 	    Dickinson",female,03/03/1971,Gaming machine repairer,06/06/2016,253.85
Onall1971," Ms Summer 	Vincent  ",female,11/06/1973,Industrial hygienist,16/06/2016,108.81
Thearthe,"Mrs Kate 	Birch",male,29/04/1958,Apartment leasing agent,27/07/2015,421.19
Fliptatheaus1934,"Mr Josh 	Porter",male,30/09/1955,ESL teacher,07/10/2016,551.68
Tractinglery,"Mr Gabriel 	Gough",female,05/01/1953,Chief engineer,10/01/2016,47.29
Cathad,"Mrs Abby 	O'Neill",female,27/04/1954,Typesetting machine tender,29/11/2016,404.6
Pencier,"Mr Spencer 	Franklin",male,27/05/1961,Curator,05/06/2015,"1,572.12"
Luse1939,"Mrs Aimee 	   Collier",male,29/07/1960,Plate finisher,21/11/2014,"3,081.33"
Proplied,"Mrs Abbie 	    Read",male,01/06/1977,Identification clerk,23/05/2016,200.54
Fouldlairity,"Ms Zoe 	Peacock",male,03/06/1964,Bindery worker,04/12/2016,51.95
Ancomettiody," Mrs Libby 	Williams  ",female,04/09/1974,Tractor driver,21/11/2016,130.73
Onswis,"Ms Katie 	Metcalfe",female,01/07/1983,Industrial engineering technician,27/02/2015,"1,778.72"
Majeappre,"Mr Luca 	Vaughan",female,03/01/1971,General clerk,15/07/2014,"1,034.74"
Theired,"Mr Henry 	Haynes",male,06/09/1951,Webmaster,23/12/2014,"1,320.04"
Botter,"Mr Noah 	Walton",female,09/03/1991,Perianesthesia nurse,26/07/2014,"3,464.72"
Tions1956,"Mrs Bethany 	Kent",female,10/09/1957,Farmhand,30/10/2015,"1,633.71"
Illaxy," Ms Tia 	Mahmood ",female,31/03/1964,Apparel worker,20/08/2014,"2,410.41"
Tharste62," Mr Henry 	Scott  ",male,02/01/1963,Scanner operator,27/07/2015,"1,894.92"
Sain1957,"Mr Corey 	Thornton",male,02/04/1958,Appellate court judge,09/09/2016,316.56
Sucal1946,"  Mr 	Kyle Wheeler  ",male,29/12/1967,Materials scientist,06/07/2014,477.75
Liselther," Mr Bradley 	Pollard  ",female,28/10/1961,Aircraft rigging assembler,01/09/2015,"1,354.16"
Mrst1984," Mr Kyle 	Warner ",female,04/06/1985,Medical records and health information technician,07/10/2014,450.26
Noter1986," Mr Zak 	Nelson ",male,05/08/1987,Marble setter,30/07/2015,583.98
Rundood93,"Mr Joel 	Hill",female,08/03/1995,Lobby attendant,29/11/2016,371.71
Weselot,"  Mr 	Jack Jarvis ",female,02/12/1957,Crop farm manager,12/12/2016,339.26
Nowerever,"Ms Lola 	Dickinson",male,01/04/1992,Travel counselor,18/03/2017,65.39
Tractinglery,"Mrs Ruby 	   Connor",male,30/06/1962,Soil conservationist,14/04/2016,64.46
Fortind,"Ms Imogen 	Gibbs",male,07/01/1974,School teacher,15/09/2015,"1,822.59"
Sherfeappor,"  Ms 	Niamh Graham  ",female,05/03/1963,Tree trimmer,16/03/2015,"2,131.60"
Hile1943,"Ms Amber 	Sheppard",female,28/06/1965,Medical interpreter,29/09/2014,"1,940.88"
Theres1949,"  Mr 	George Warren  ",male,04/03/1971,Auditor,28/05/2014,"2,475.56"
Andoing1937,"  Mrs 	Daisy Morton  ",female,07/06/1958,Construction engineer,22/03/2015,"1,941.97"
Deadelay," Mr Dylan 	Brookes  ",male,29/04/1956,Cooperative manager,14/08/2016,323.08
Oneven40,"Mr George 	Gordon",female,03/10/1961,Maitre d,17/02/2016,"1,013.35"
Parl1956,"Mrs Maisie 	Roberts",female,08/06/1957,Medical equipment preparer,27/06/2016,137.09
Ratoctore57," Ms Alexandra 	Metcalfe  ",male,05/01/1958,Human resources recruiter,04/08/2016,786.75
Anstivoung,"Mr Joshua 	King",male,03/05/1960,Greeter,13/02/2016,429.94
Comereces,"Ms Phoebe 	Walsh",female,02/03/1983,Natural sciences manager,24/11/2014,"2,811.85"
Hined1980,"Mr Tom 	Russell",male,10/11/1981,Creative director,30/11/2016,42.14
Shours1965,"Mr Dominic 	    Cross",male,01/06/1967,Compositor,23/02/2017,23.54
Theled,"  Mr 	Tyler Reid ",male,12/03/1987,Telephone installer,10/10/2016,584.39
Muccommus," Mrs Lily 	McDonald  ",male,06/12/1969,Cutting and slicing machine operator,22/08/2015,"1,805.21"
Wayearty,"Ms Natasha 	Gould",male,30/04/1964,Obstetric sonographer,04/03/2015,"1,529.92"
Lifeare,"Mr Patrick 	    Doherty",female,10/04/1989,Family child care provider,29/11/2016,351.75
Vidn1942,"  Mr 	Dylan King ",female,30/09/1963,Dispatcher,31/07/2015,"2,020.25"
Brose1977,"Mr Scott 	Wright",male,09/09/1978,Gaming investigator,25/10/2014,"1,044.78"
Aretteprieve,"Ms Lily 	    Hussain",female,04/10/1963,Family practitioner,31/05/2015,"2,044.50"
Bonly1993,"Mrs Alicia 	   Simmons",male,10/10/1994,Hydraulic and pneumatic technician,12/09/2016,462.1
Sher1969," Mr Lucas 	Brady  ",female,07/07/1970,Yoga instructor,17/09/2014,"2,375.39"
Himentrapsed1947,"  Mr 	Christopher Flynn ",female,06/06/1968,First mate,13/06/2015,743.73
Hince1932," Mr Kieran 	Holmes  ",male,31/01/1954,County court judge,20/06/2015,"2,530.56"
Sureas,"Mr Mason 	   Miles",male,12/08/1989,Fork lift operator,19/08/2014,"3,131.88"
Cend1981,"Mrs Amber 	   Young",male,10/01/1983,Network and computer systems administrator,29/04/2015,"2,363.90"
Hatin1938,"  Mr 	Sebastian Rees  ",male,04/02/1959,Tour guide,07/10/2016,233.8
Whingent1944,"  Ms 	Charlotte Simpson ",male,04/01/1965,Gas compressor operator,30/10/2014,421.78
Peatchath," Mr Luke 	Wong ",female,26/06/1960,Department head,22/10/2016,29.61
Pedularave71,"  Ms 	Tia Murphy  ",female,12/06/1972,Electrical and electronic equipment assembler,09/04/2016,202.23
Crand1932,"Mr Jayden 	Storey",male,07/09/1953,Chemist,05/06/2014,13.67
Amust1983,"  Ms 	Sophia Ashton  ",female,01/04/1984,Risk and insurance manager,25/01/2016,787.08
Anch1947,"Mr Jacob 	Chadwick",male,29/08/1968,Broker,18/01/2017,15.44
Allets," Mrs Lara 	Morley  ",male,01/05/1995,Home appliance repairer,26/04/2016,271.83
Terood1980,"Mrs Natasha 	Mellor",female,08/09/1981,Pile driver operator,29/10/2016,197.71
Pashery,"  Mrs 	Amelie Coates ",male,08/01/1964,Labor relations manager,04/03/2017,29.84
Thinscion,"  Mr 	Zak Matthews ",male,01/12/1969,Development specialist,03/09/2015,439.79
Sheight,"Mr Luke 	    Collins",female,02/05/1961,Airbrush artist,06/07/2015,192.44
Repar1967,"  Ms 	Kate Farrell  ",male,09/08/1968,Support service manager,22/08/2014,"2,518.03"
Deping,"  Mrs 	Freya Knight ",female,28/02/1969,Coding specialist,07/10/2015,"1,072.89"
Uscoulk,"Dr James 	Atkins",female,07/12/1962,Professor,10/01/2016,"1,333.09"
Thesight1942,"  Mr 	Peter Collier  ",male,01/11/1963,Enrobing machine operator,17/02/2015,196.96
Sompere,"Mr Elliot 	Norton",female,03/11/1953,Cardiac sonographer,02/01/2016,"1,542.25"
Arrote,"Mr Max 	Chamberlain",female,10/03/1984,Civil engineer,30/11/2015,586.45
Rallown," Mr John 	Horton  ",female,04/09/1957,Office machine operator,20/08/2015,"2,232.84"
Gamprot," Mr Noah 	Fletcher ",female,02/07/1979,Immigration inspector,11/02/2015,"2,599.88"
Terful1980,"  Ms 	Paige Reid ",male,09/03/1981,Pediatric dentist,21/11/2014,"1,598.89"
Anduck," Mrs Imogen 	Metcalfe ",male,09/02/1975,Training development director,30/11/2016,292.52
Whimptiessir," Mr Logan 	Peters ",male,07/07/1981,Monetary economist,03/09/2015,113.96
Gwasumeet,"  Ms 	Cerys Dyer  ",male,05/02/1953,Prison guard,17/06/2014,"3,066.25"
Havall," Mr Patrick 	Wong ",male,06/01/1971,Airframe mechanic,08/10/2016,286.62
Andessomeho," Ms Hollie 	Myers ",female,05/02/1965,Assistant manager,03/10/2016,395
Suraw1979," Mrs Maisie 	Newman ",male,10/02/1980,Mason,30/05/2015,"2,004.67"
Allind,"  Ms 	Lydia Carter ",male,10/05/1960,Cutting and slicing machine operator,29/11/2014,"3,153.79"
Garld1976,"  Ms 	Lara Osborne  ",female,09/01/1977,Water transportation master,24/02/2017,28.91
Sinsileffe,"  Mr 	Gabriel Perkins  ",female,09/04/1996,Clinical laboratory technologist,10/08/2014,767.59
Gror1986,"Ms Ava 	O'Brien",male,12/05/1987,Retail buyer,20/08/2015,281.51
Notsence,"  Mrs 	Anna Patterson ",female,08/05/1971,Maid,05/09/2015,"1,316.58"
Hoply1980,"Ms Imogen 	    Edwards",male,05/12/1981,Medical appliance technician,05/10/2016,251.77
Vaide1944," Mr Ryan 	Richardson ",male,06/05/1965,Employee training specialist,09/02/2016,"1,572.97"
Throu1991,"Mr Sean 	    McCarthy",female,10/05/1992,Instructional coordinator,18/01/2016,115.05
Shmed1994,"Mrs Molly 	West",male,04/07/1995,Heating air-conditioning and refrigeration installer,05/06/2015,"1,913.61"
Oping1937,"Mr Henry 	     Fletcher",female,04/12/1958,Instructional assistant,10/09/2014,"1,867.13"
Swee1950,"Ms Evie 	Reynolds",male,06/06/1952,Superintendent,15/03/2017,11.11
Norly1980,"Mr Sean 	John",male,08/09/1981,Clerical assistant,18/10/2015,"1,666.14"
Ansenuter,"Mr Jay 	      Joyce",female,05/06/1982,School bus driver,12/01/2017,93.36
Tholdis,"Mr Ben 	Willis",male,03/08/1963,Computer systems analyst,09/03/2015,"1,293.32"
Lijjoing,"Mrs Courtney 	Pollard",male,06/02/1955,Petroleum engineer,16/03/2016,113.03
Thicy1948," Ms Olivia 	Walker ",male,04/06/1970,Plan examiner,21/09/2015,990.1
Trart1959,"Mrs Tilly 	  Bond",female,10/07/1960,Analytical chemist,06/02/2016,906.07
Arecas,"Mr Matthew 	Hopkins",male,27/02/1964,Ergonomist,11/11/2014,"1,819.02"
Phoettinave,"  Ms 	Amy Buckley  ",female,04/02/1959,Executive secretary,16/03/2017,28.89
Hisday,"Mr Louis 	Austin",male,01/09/1963,Department head,10/10/2016,92.34
Embefors," Mr Max 	Welch  ",male,05/05/1982,Lathe and turning machine tool tender,08/03/2017,16.56
Balacee,"Ms Amelia 	    Sheppard",male,05/03/1973,Meatcutter,23/05/2014,"3,999.48"
Thipon,"Mr Henry 	Parsons",female,30/03/1970,Placement officer,13/09/2015,"1,304.41"
Thearegaven,"Mrs Ruby 	Khan",female,04/03/1956,Teller supervisor,18/05/2016,495.61
Capprem,"Mr Gabriel 	Burgess",male,05/02/1959,ESOL teacher,02/06/2015,"1,127.57"
Rove1990,"  Mrs 	Mollie Owens ",male,09/07/1991,Plating and coating machine setter,13/10/2014,794.71
Plund1973,"Mr Thomas 	Harris",male,01/01/1975,Professional scout,20/10/2015,490.25
Lorge1946,"Mrs Chelsea 	Bibi",male,26/09/1967,Screen printing machine operator,26/05/2016,991.23
Thosed,"Ms Matilda 	   Miah",male,30/08/1961,Electrical and electronics repairer,02/08/2016,285.27
Eded1938,"  Mr 	Isaac Henderson ",male,04/05/1960,Proofreader,09/08/2016,225.37
Excled,"Mr Harley 	    Wade",female,31/12/1960,Retail buyer,09/12/2014,974.3
Fortake1960,"  Mrs 	Tia Lucas  ",female,11/11/1961,Structural engineer,26/05/2016,781.73
Whaskince,"Mr George 	Myers",female,04/02/1965,U.S. Border Patrol agent,10/05/2014,"1,451.03"
Viser1958,"Mrs Poppy 	Bentley",female,11/10/1959,Relay technician,07/05/2015,698.44
Duccoldany,"  Mrs 	Sophia Morton  ",female,03/05/1962,Research dietitian,27/07/2016,128.26
Facoure79," Ms Olivia 	Shah ",female,09/04/1981,Risk and insurance manager,12/09/2014,"2,948.33"
Towled," Mr Thomas 	Horton ",female,11/01/1975,Clerical worker supervisor,13/11/2016,312.42
Lifus1976,"  Mr 	Jamie Peters  ",female,12/04/1977,Postsecondary career-technical teacher,04/05/2014,"1,374.82"
Gureque,"Dr Katie 	Noble",male,08/05/1962,Member services counselor,05/02/2017,48.63
Rabliand," Ms Samantha 	Nicholson  ",male,04/05/1990,Elevator repairer,24/08/2016,783.25
Upoichis," Ms Zoe 	Bartlett  ",female,30/01/1969,Computer typesetter,13/10/2015,"1,603.16"
Didne1972,"Mrs Phoebe 	Day",female,07/01/1973,Administrative assistant for human resource,22/08/2014,"1,435.41"
Arprot,"Mr Taylor 	May",female,09/02/1975,Employment and placement manager,03/03/2015,"2,441.28"
Wilhaverste,"Mr Ewan 	     Birch",male,05/09/1955,Rigging slinger,20/03/2017,20.46
Thavalwary," Mr Corey 	Brady ",male,11/11/1988,Estimator project manager,20/06/2014,"3,525.07"
Thury1970,"  Mr 	Daniel Bevan  ",female,10/06/1972,Fire dispatcher,13/02/2017,49.3
Yousight65," Mr Elliot 	Farrell  ",female,01/03/1967,Fitness worker,28/08/2015,823.08
Porninexpent,"Mr Spencer 	Brennan",male,02/03/1964,Mail processing machine operator,18/05/2016,"1,138.84"
Dervants,"Mrs Keira 	Lloyd",male,03/03/1956,U.S. Border Patrol agent,15/01/2016,802.09
Manst1972,"Mr Jacob 	Bond",male,08/02/1974,Dairy farmer,30/01/2015,874.84
Ondood,"  Mr 	Robert Bryan ",female,01/02/1970,Ornamental ironworker,28/08/2016,748.51
Husto1964,"  Mr 	Leon Edwards  ",male,05/10/1965,Machine setter,02/11/2016,471.28
Belank," Mrs Eve 	Watts  ",female,07/07/1980,Older worker specialist,07/10/2014,"1,510.62"
Swers1976,"  Mrs 	Mollie Kirby  ",female,05/05/1977,Marine biologist,22/05/2015,548.94
Buseen," Mrs Erin 	Pratt  ",female,05/10/1966,Forester,17/10/2015,"1,928.53"
Hationizing," Mrs Jennifer 	Rowley  ",female,10/07/1985,Administrative law judge,14/10/2014,225.39
Onin1931,"Mr Joseph 	Skinner",male,03/10/1952,Assistant editor,27/01/2016,67.73
Tainern,"Mrs Samantha 	Ross",male,06/03/1951,Head hunter,29/02/2016,900.15
Thoomed," Mr Reece 	Higgins ",male,30/08/1963,Boiler mechanic,11/09/2014,"1,814.70"
Bribeired39,"Mrs Sarah 	     Sanders",male,27/04/1960,Distribution clerk,06/12/2014,"1,896.74"
Acell1988," Mr Zachary 	Knowles  ",male,04/04/1990,Procurement clerk,13/11/2014,530.67
Thapecou1969,"  Mrs 	Rosie Kelly  ",male,10/11/1970,Nuclear power reactor operator,10/02/2016,413.51
Spern1943,"  Mr 	Isaac Thompson  ",male,04/08/1964,Practical nurses,11/12/2015,705.61
Loverets86,"Mrs Charlie 	      Steele",male,03/09/1987,Molding coremaking and casting machine tender,25/03/2015,"2,628.75"
Histreas,"Mr Bradley 	Thompson",male,28/09/1959,Gaming machine servicer,14/03/2016,601.44
Onedin1965,"Ms Isabel 	   Manning",female,12/08/1966,Vocational education teacher,21/05/2014,"3,185.20"
Twoubleff," Ms Maya 	Walsh  ",female,05/09/1973,Refuge manager,12/07/2015,"1,381.64"
Greirrom,"Mr Matthew 	Burns",female,28/12/1959,Metalworking machine operator,23/07/2016,74.65
Acialved," Mr Benjamin 	Chambers  ",female,06/12/1982,Custodian,15/12/2016,90.85
Thower,"Ms Rachel 	     Baxter",male,10/11/1962,Research chef,06/09/2016,603.19
Abothent,"Ms Faith 	May",female,04/05/1959,Building manager,30/09/2016,387.99
Dets1929,"  Ms 	Rebecca Austin  ",female,31/03/1950,Freight agent,24/08/2014,"2,287.62"
Themanty," Mr Riley 	White  ",male,05/07/1952,Metal pourer,03/05/2016,89.36
Soetted,"Dr Sofia 	Pratt",male,07/06/1990,Log grader,27/09/2016,539.47
Soove1958,"  Mr 	Sam Fox ",female,10/03/1960,Occupational social worker,15/02/2017,36.37
Smove1953," Mr Louis 	Nixon ",male,08/12/1954,Environmental scientist,11/06/2015,67.99
Parminquale,"Mr Hayden 	      Sanderson",female,02/10/1962,Court reporter,06/06/2016,526.41
Whome1934,"  Ms 	Sofia Riley  ",female,02/05/1956,Keypunch operator,31/08/2014,"1,896.65"
Sers1968," Mr Leo 	Pritchard  ",female,08/03/1969,Payroll and timekeeping clerk,21/01/2015,"2,064.52"
Wituartany,"  Ms 	Zoe Macdonald ",male,06/05/1966,Construction manager,24/04/2015,"1,512.87"
Heigher38,"  Mr 	Kieran Gibson  ",male,07/01/1960,Optometrist,22/01/2016,283.43
Thippid,"  Mr 	Charlie Coates  ",female,04/04/1963,Pipe organ repairer,27/03/2015,"1,498.25"
Kied1951,"  Ms 	Tegan Alexander ",male,07/06/1953,Bartender helper,15/09/2016,145.16
Vally1984," Mr Jack 	Kent ",female,07/05/1986,Plumber,17/03/2016,304.81
Sects1963,"Ms Grace 	    Hussain",male,07/05/1965,Truck dispatcher,24/02/2017,45.76
Thaintrack,"Mr Scott 	Dawson",female,04/01/1951,Skin care specialist,16/05/2015,376.16
Corsoodualf,"Mrs Cerys 	Barry",male,03/04/1972,Postmaster,16/11/2015,"1,420.32"
Hirood,"Ms Libby 	Cole",male,28/12/1968,Biostatistician,25/12/2016,100.92
Moren1935,"  Mrs 	Eleanor Todd  ",female,31/03/1957,Professional sports scout,12/03/2016,106.05
Hisold76,"Mr Louie 	Khan",female,03/01/1977,Machinist,04/08/2015,"1,477.16"
Naturawrove,"Mr Tom 	Waters",female,11/11/1959,Bicycle repairer,15/03/2016,390.89
Hoready1985,"Mrs Eloise 	Cox",female,11/04/1986,Electronic data processor,30/10/2016,438.01
Themnioncy40," Mr Charlie 	Harper ",male,28/04/1961,Piano repairer,26/01/2017,28.79
Theiner," Mr Jude 	Lawrence ",female,03/11/1972,Winch operator,18/08/2016,779.71
Lingetals,"Mr Louie 	Briggs",male,11/07/1975,Condominium association manager,25/01/2017,67.29
Manciener,"  Mr 	Brandon Akhtar ",male,30/05/1951,Outside order clerk,11/10/2014,"2,135.41"
Heraturs,"Mr Leon 	     Fraser",female,01/04/1959,Executive recruiter,23/10/2014,"2,258.31"
Horms1981,"  Mrs 	Hollie McCarthy ",female,08/03/1982,Advisor investigator,07/01/2016,"1,277.97"
Tinstrally,"  Mr 	Robert Gardiner ",male,03/11/1954,Textile bleaching and dyeing machine operator,14/03/2015,"1,344.36"
Andite," Mrs Maya 	Jennings  ",female,09/02/1955,Loan counselor,22/11/2014,"1,205.17"
Doess1931,"  Mrs 	Bethany Evans  ",male,28/12/1952,Health inspector,21/03/2017,20.75
Grewle," Ms Summer 	Lawrence  ",male,04/03/1990,Infusion nurse,17/10/2016,444.59
Ludged,"  Mrs 	Ruby Turnbull  ",male,03/02/1988,Game warden,24/08/2016,595.8
Faren1949," Mr Connor 	Hobbs  ",male,31/03/1971,Executive housekeeper,01/02/2017,129.63
Surict,"Mrs Isabella 	Parkinson",female,02/05/1983,Postal Service worker,02/11/2016,20.61
Wasco1946,"  Ms 	Jennifer Robinson ",male,04/06/1967,Assistant property manager,30/10/2016,101.87
Mentir,"Mrs Ruby 	     Gallagher",male,04/02/1983,Stationary engineer,22/10/2014,405.38
Grasintud,"Mrs Lucy 	Cameron",male,09/06/1960,DEA agent,29/01/2017,88.85
Kook1986,"Ms Jodie 	Bryant",male,02/08/1987,Scanner operator,11/08/2014,512.4
Somforeatty,"  Mr 	Kian Khan ",male,04/04/1991,Nuclear power reactor operator,03/06/2016,99.87
Morgest1966,"Mr Liam 	    Wallace",female,06/05/1967,Producer,15/11/2015,777.69
Annatimar47,"Ms Courtney 	  Nash",female,01/10/1968,Secretary,22/02/2016,614.02
Fortainge,"Mr Lewis 	     Lees",male,07/09/1975,Oceanographer,24/01/2016,725.77
Chor1930,"Ms Aaliyah 	Pugh",female,29/08/1951,Cartoonist,13/10/2015,493.66
Martrust,"Ms Molly 	Harding",male,07/11/1984,Arborist,06/02/2017,139.43
Didarculd,"  Ms 	Sofia Mahmood ",female,27/01/1953,Electromechanical equipment assembler,19/01/2017,55.6
Scoming1955," Mrs Hollie 	Howe  ",female,08/03/1957,Operational meteorologist,27/06/2015,404.92
Wited1982," Mr Brandon 	Morris  ",female,04/01/1984,Tour bus driver,14/08/2014,279.09
Supon1951,"Ms Zoe 	Moss",female,10/04/1952,Horse trainer,27/07/2015,"1,415.17"
Fordell,"Mrs Abby 	Carter",male,09/02/1987,Automation and control technician,30/04/2016,767.11
Thearoolen," Mr Isaac 	Wells  ",male,01/09/1976,Structural engineer,16/10/2016,351.15
Hents1931,"Mr Ethan 	Hale",male,31/03/1952,Dinkey operator,18/10/2016,564.25
Themprod1950,"Ms Elise 	Walker",male,03/06/1952,Media planner,25/04/2015,"1,837.51"
Borlive,"Mrs Ellie 	Reynolds",male,30/12/1960,Personal banker,25/12/2015,"1,669.40"
Toop1934,"Mrs Sofia 	   Miles",female,07/05/1955,Piano tuner,24/02/2016,872.02
Venind,"Mr Connor 	Iqbal",female,27/02/1954,Assignment editor,04/05/2014,"3,698.39"
Pachat50,"Mr Tom 	     Pugh",female,28/04/1971,Machine tender,26/01/2015,"2,838.43"
Momp1967,"Mr Alex 	   Parker",female,01/01/1968,News writer,26/11/2014,"2,289.40"
Fortand,"Mr Riley 	Finch",male,06/06/1964,Vending machine servicer,03/12/2015,172.94
Mandame,"  Dr 	Alexander Freeman ",male,10/02/1972,Slaughterer,02/02/2015,980.13
Grealwas,"Mrs Isabella 	Davison",male,05/04/1959,Electronic typesetting machine operator,16/12/2015,"1,808.96"
Loiced,"  Mr 	Kai Wells  ",female,01/10/1969,FBI agent,19/05/2015,"1,371.89"
Vingausaid," Mr Connor 	Matthews ",female,07/09/1954,Curriculum specialist,16/03/2017,16.77
Thearly,"Mrs Georgia 	Lamb",male,10/05/1959,Actuarie,16/10/2016,134.98
Ovell1945," Ms Abbie 	Clements ",female,27/08/1966,Metal caster,28/08/2014,48.03
Cale1939," Mr Owen 	Greenwood ",female,03/02/1961,Material distribution,26/05/2014,22.17
Nouranglithe,"Ms Lola 	Rose",male,11/08/1962,Forging machine operator,10/03/2016,11.28
Morrect1944," Mrs Aaliyah 	Patterson  ",male,30/08/1965,Aircraft surfaces assembler,20/01/2015,"1,741.56"
Caboys,"Mrs Louise 	    Reid",male,08/06/1975,Rental manager,27/09/2015,530.59
Capsery,"Ms Daisy 	Woodward",female,30/05/1965,Law clerk,02/04/2016,385.58
Boise1969,"Mr Scott 	Wallis",female,08/04/1970,Software quality assurance analyst,11/12/2015,"1,478.79"
Draugh,"  Mr 	Ben Atkinson  ",male,30/12/1967,Lawyer,17/03/2016,483.82
Uness1936,"Mr Kai 	Sheppard",female,02/11/1957,Office aide,22/02/2015,"1,804.14"
Bitherry,"  Mr 	Kyle Talbot  ",male,03/04/1956,Gaming manager,27/07/2016,290.4
Prands," Mr Joe 	Barrett ",female,30/03/1961,Machine operator,31/05/2016,"1,132.42"
Apereens," Mr Kyle 	Hudson ",male,01/05/1968,Cartographer,19/01/2016,868.79
Wartime,"Mr Toby 	    Reynolds",male,07/09/1962,Landscape designer,16/02/2016,"1,409.62"
Bobsoo1961,"  Mr 	Matthew Gray  ",female,02/01/1962,Sign language interpreter,11/01/2017,124.93
Ancomp,"Mr Archie 	Nicholson",female,11/04/1984,Window clerk,18/03/2017,76.97
Auged1928," Mr Samuel 	Johnston ",male,01/09/1949,Respiratory therapy technician,06/08/2016,253.56
Joher1990," Mrs Hannah 	Hyde  ",female,11/07/1991,Commodities trader,01/08/2015,35.93
Fratirld," Mr Aaron 	Walters ",female,27/05/1965,Motorboat operator,16/03/2016,"1,183.86"
Saidence,"Ms Kiera 	    Hewitt",female,12/03/1993,Health care administrator,26/08/2016,561.32
Sadied,"  Mrs 	Megan Kerr  ",male,04/05/1954,Longshoremen,11/12/2014,"2,145.31"
Ront1942,"  Ms 	Katherine Spencer  ",male,26/09/1963,Cash manager,28/08/2015,997.43
Expoth,"Mrs Amelia 	McKenzie",male,28/12/1955,Publications specialist,22/12/2014,168.98
Truckly1960,"  Ms 	Lily Dale ",female,11/06/1961,Computer forensic investigator,03/07/2015,"1,492.26"
Youtims,"  Mr 	Ethan Black ",female,30/01/1960,Public health dietitian,28/02/2017,48.19
Majew1993," Mr Corey 	Charlton ",male,01/08/1994,Food scientist,24/07/2014,"3,665.23"
Whatrold," Ms Kiera 	Price  ",female,04/04/1970,Documentation specialist,20/06/2015,"2,311.40"
Weettly,"Mr Luca 	     Campbell",male,05/12/1957,Optometrist,14/12/2015,464
Heavow," Mrs Alice 	Lees ",male,05/02/1955,Map editor,09/04/2015,976.46
Nortenathe,"Mrs Sophia 	Burgess",female,01/05/1964,Payroll and benefits specialist,23/02/2016,504.99
Morsitens,"Mr Jayden 	Page",male,28/08/1969,Probation officer,22/11/2015,"1,626.93"
Eatepas,"  Mr 	Harvey Morrison  ",male,03/05/1961,Administrative clerk,17/08/2015,420.19
Twel1979," Mrs Amy 	Jones ",male,09/12/1980,Shuttle car operator,12/09/2016,697.81
Ingless," Mrs Lara 	Parkin ",male,02/05/1970,Photographic spotter,01/06/2016,215.65
Thew1940,"Mr Reece 	Clarke",male,01/02/1962,Government accountant,24/09/2014,"3,502.99"
Eirs1962,"  Ms 	Paige Hicks  ",male,12/06/1964,Timber cutting and logging worker,08/02/2015,"2,616.17"
Immersted,"  Mrs 	Abbie Hunt ",male,08/10/1967,Industrial accountant,11/03/2017,11.5
Lowat1950,"  Mrs 	Eve Hicks ",male,02/02/1952,Tire repairer,10/11/2015,663.36
Alayeaker," Mr Jack 	Bond ",male,11/01/1983,LAN administrator,21/03/2016,"1,336.35"
Citionabous,"Mr Ryan 	     Dickinson",male,05/07/1975,Revenue agent,31/01/2015,"1,814.94"
Litend1956,"  Mr 	Alfie Arnold  ",female,07/11/1957,Plating and coating machine operator,20/01/2016,862.53
Parthe1970,"Ms Elise 	Stewart",female,02/01/1972,General office clerk,22/06/2015,107.8
Verbut,"  Mr 	Zak Nixon  ",male,12/04/1969,Clerical assistant,28/09/2014,"1,823.67"
Naromancles1937,"  Mrs 	Sophie Hall  ",male,03/01/1959,Stevedore,15/03/2015,379.55
Lodir1938,"Mr Alexander 	King",male,04/02/1959,Social scientist,23/09/2014,"1,804.43"
Prucestras,"  Mrs 	Jennifer Wilkins ",male,05/07/1962,Lay-out worker,17/05/2015,"1,313.18"
Examper1944,"Mrs Lola 	Haynes",male,06/03/1965,Laundry and dry-cleaning worker,05/05/2014,"2,928.22"
Hownsich,"Mrs Alicia 	Power",female,12/01/1981,Real estate closer,17/08/2014,"2,061.36"
Whouter,"Mr Luke 	    Wyatt",male,05/02/1974,Janitor,06/11/2016,427.03
Finced,"Mr Jamie 	Hancock",male,07/02/1986,Platemaker,01/03/2016,248.65
Lign1943,"Mrs Abigail 	Wood",female,29/04/1965,Optical goods worker,09/02/2017,99.18
Thear1928," Mr Bailey 	Davison  ",female,28/04/1949,Engineer,16/03/2017,59.37
Bort1931,"Mrs Poppy 	Hooper",male,26/02/1953,Management accountant,16/05/2016,588.87
Makeekly,"Mr Daniel 	Wallace",female,02/09/1966,Concrete finisher,22/12/2014,44.46
Losin1952,"Mrs Abbie 	Faulkner",male,10/04/1953,Soldering worker,22/01/2016,640.58
Donvorged,"  Ms 	Francesca Cunningham ",male,07/03/1996,Maintenance technician,28/04/2015,"2,528.36"
Alind1938,"Mr Jay 	Whitehead",female,07/09/1959,Office machine and cash register technician,24/02/2016,297.49
Twoul1974,"Ms Yasmin 	Butcher",female,04/02/1976,Microbiologist,14/06/2015,"2,068.04"
Forrich62," Mr Robert 	Humphries ",female,12/06/1963,Mixing and blending machine tender,27/09/2015,"1,318.09"
Conly1963,"Mrs Samantha 	Manning",male,05/05/1964,Meeting manager,18/09/2015,882.83
Thomen,"  Mr 	Spencer Wilson  ",female,05/03/1977,Copy marker,09/04/2015,769.27
Hish1935," Mr Jay 	Hunter ",female,28/03/1957,Wildlife officer,12/06/2016,552.57
Justral,"Mr Lucas 	Norris",male,03/10/1955,School superintendent,03/11/2014,825.75
Intries," Ms Nicole 	Gibbs  ",male,11/03/1988,Shuttle car operator,19/04/2016,"1,221.59"
Dwand1941,"Mr Billy 	Hurst",male,29/12/1961,Systems analyst,19/04/2016,983.51
Dialin,"Mrs Brooke 	Wilson",female,01/06/1965,Mail handler,11/06/2015,"2,510.12"
Therlon,"Ms Jade 	    Warren",female,27/11/1965,Insurance claims and policy processing clerk,19/06/2016,48.18
Losoutypery1965,"  Mrs 	Laura O'Brien ",female,05/04/1967,Rail-track laying and maintenance equipment operator,12/05/2015,"2,422.84"
Lattens,"Ms Cerys 	      Johnston",male,30/01/1969,Business management analyst,26/01/2017,23.82
Oppond,"Mr Matthew 	Wallace",male,11/04/1983,Computer training specialist,18/10/2014,"2,309.88"
Weandstaid,"Mr Jacob 	Gibson",female,11/01/1981,Mold and model maker,07/02/2017,53.32
Ravaid75,"  Ms 	Isabel Thomas  ",male,07/08/1976,Cooling and freezing equipment operator,31/07/2015,"1,122.37"
Agoing,"Ms Jessica 	Kelly",female,01/02/1969,Science writer,24/05/2014,"1,231.65"
Gothe1931," Mr Mohammad 	Griffin ",female,29/09/1952,Loan processing clerk,31/10/2015,984.43
Whisortates,"Mr Jordan 	      Thorpe",female,12/07/1988,Talking-books clerk,21/09/2014,"2,009.93"
Whaviand," Mr Isaac 	Randall ",male,01/08/1979,Job printer,30/12/2014,"2,943.60"
Frofted,"Mr Kieran 	James",female,11/04/1967,Bridge and lock tender,04/11/2015,"1,408.75"
Therenchat,"Mr Jack 	    Law",male,12/07/1992,Speech-language pathologist,09/07/2016,481.63
Himplazint1929," Mr Oscar 	Whitehead  ",male,25/02/1950,Residential advisor,24/08/2014,"1,014.84"
Unrarken,"Mrs Freya 	Fleming",male,07/01/1969,Textile machine operator,03/05/2016,874.66
Thipon1987," Mrs Skye 	Robson ",female,05/07/1988,Social scientist,16/09/2016,680.42
Haread," Mrs Olivia 	Holmes ",female,12/11/1966,Floor broker,05/10/2014,"1,741.36"
Suation,"Mr Edward 	Cooke",male,04/12/1966,Floor installer,13/10/2016,371.01
Blince,"Ms Maddison 	Howarth",male,08/03/1967,Mental health counselor,27/02/2017,18.06
Hicare,"Mr Ewan 	Lamb",female,01/08/1961,Hand compositor,06/12/2015,577.08
Loctatintoo,"Mr Thomas 	      Metcalfe",female,01/05/1970,Conference planner,06/12/2016,321.15
Anowid," Mrs Poppy 	Crawford  ",male,04/07/1976,Food technologist,06/07/2014,"3,248.51"
Reated,"Mr Oscar 	Vaughan",female,04/03/1969,Loan counselor,30/10/2016,167.06
Houghate,"Mr Riley 	Dawson",female,11/06/1969,Instructional coach,11/05/2014,938.41
Buis1984,"Mr Louis 	Dunn",female,12/09/1985,Mail carrier,16/11/2014,199.28
Calle1988,"Mr Louie 	Kemp",female,09/05/1990,Information architect librarian,07/12/2015,538.29
Herepid1990,"Mr Oliver 	Preston",male,05/07/1992,Food cooking machine tender,05/11/2015,223.51
Broweed,"Mrs Summer 	Ali",male,05/11/1978,School and college counselor,29/02/2016,"1,231.50"
Calle1938," Mr Finley 	White  ",female,04/10/1959,Print binding and finishing worker,24/06/2015,"1,186.81"
Oversted,"Dr Kate 	Saunders",female,07/01/1970,Administrative technician,21/12/2016,173.99
Warried," Mr Ewan 	Glover  ",female,02/03/1969,Cable line installer,04/05/2016,233.74
Homitichat57,"Ms Kayleigh 	Brookes",male,01/02/1959,Gaming services,11/10/2014,"2,013.95"
Ampary,"Mr Thomas 	Ferguson",male,03/10/1966,Mathematical statistician,18/07/2015,"1,049.75"
Porchish,"Mr Jacob 	   Bird",female,27/04/1966,Broadcast field supervisor,08/10/2016,427.84
Exhicand,"Mr Sean 	    Hanson",female,03/04/1950,Greenhouse manager,01/08/2014,98.59
Yousely,"  Mr 	Harley Reed ",male,08/04/1964,Prison guard,17/07/2015,"2,410.48"
Liell1937,"Mrs Mia 	Perry",male,03/05/1959,Maintenance technician,19/09/2016,395.43
Sitses72," Mrs Jasmine 	Thompson ",male,01/03/1974,Crushing grinding and polishing machine setter,05/08/2014,"1,564.95"
Frouldeste,"Mr Sean 	Palmer",female,29/01/1954,Courier,13/10/2015,722.93
Onsecalop," Ms Isabella 	Hilton ",female,07/10/1958,Information architect librarian,26/05/2014,"2,776.84"
Garty1955," Ms Isabella 	Giles  ",male,08/05/1956,Gerontologist,22/03/2017,24.08
Thimilit," Mr Jude 	Jackson  ",male,05/07/1951,Curator,02/06/2014,"4,039.84"
Howle1949,"Mr Muhammad 	Page",female,30/10/1970,Utility meter reader,01/05/2016,753.84
Sectirepas,"Ms Tegan 	Howells",female,01/08/1950,Information officer,29/10/2014,"1,009.67"
Reptionall,"Mrs Keira 	Parry",male,06/10/1991,Nurse,14/03/2017,49.31
Judianob,"  Mr 	James Morley ",male,01/06/1967,Water and wastewater treatment plant and system operator,15/11/2016,213.21
Thatimetat,"Mrs Amber 	Hilton",male,11/12/1995,Extruding and drawing machine operators,14/01/2017,51.12
Stectint,"Ms Abigail 	Simpson",female,10/02/1961,Tire repairer,10/07/2016,202.42
Anythest,"Mr James 	Dunn",female,01/10/1974,Sociologist,30/03/2016,"1,015.94"
Cris1931," Ms Amelie 	Bird  ",female,05/07/1953,Talking-books clerk,13/07/2015,"1,476.27"
Lorepatiou," Mrs Katie 	Jennings  ",male,05/12/1970,Proofreader,12/03/2017,26.47
Prieture,"  Ms 	Lucy Stevenson ",male,05/04/1966,Dredge excavating and loading machine operator,02/09/2014,18.57
Gung1964,"Mrs Chloe 	Curtis",female,08/04/1965,Hand typesetter,20/05/2016,789.63
Notenjoyard,"Mr Kyle 	Steele",female,08/10/1978,Manifold binding worker,09/09/2015,"1,077.73"
Hentive,"Mr Morgan 	Parsons",female,09/05/1952,General practitioner,22/08/2014,579.94
Senter," Mr Dylan 	Giles  ",female,11/02/1964,Derrick operator,04/10/2016,603.5
Sagoint,"  Mr 	Charlie Wilkinson  ",female,10/03/1978,Travel counselor,08/11/2016,419.15
Haterequiter,"Mr Christopher 	   Doherty",female,05/07/1969,Gaming investigator,19/07/2014,846.77
Dickent,"  Mr 	Kai Gould  ",female,02/06/1967,Food science technician,12/05/2016,740.78
Frie1949,"  Mr 	Michael Edwards ",female,29/05/1970,Stock clerk,03/04/2016,99.48
Antra1930,"Mr Christopher 	Schofield",male,07/02/1951,Human resources supervisor,27/05/2016,"1,100.56"
Criagand,"  Mr 	Noah Lamb ",female,30/08/1964,Amusement machine servicer,17/07/2014,"3,538.48"
Addeat,"  Mr 	Benjamin Baldwin  ",male,02/03/1969,Agricultural engineer,05/06/2014,"3,602.84"
Youcent,"Ms Naomi 	Allan",male,10/03/1966,Constructor,20/11/2014,"2,483.91"
Fliket," Ms Abbie 	Barker ",male,12/09/1986,Conference planner,26/11/2014,"3,306.36"
Suporthe,"Mr Josh 	Newman",female,26/04/1960,Broadcast field supervisor,26/04/2015,532.13
Puring," Mrs Erin 	Hobbs ",female,03/12/1978,Aircraft structure assembler,07/12/2014,"1,441.31"
Sersee,"Mr Luca 	King",female,01/08/1975,Science technician,12/01/2017,132.11
Hundpares,"Mrs Lucy 	O'Donnell",female,05/06/1971,Bridge and lock tender,20/09/2016,428.65
Priefichat," Ms Kate 	Godfrey  ",male,30/06/1954,General manager,14/07/2015,"1,820.69"
Areamithat,"Mr Michael 	Benson",female,03/05/1979,Child welfare social worker,09/02/2017,46.41
Rowdre,"Dr Georgina 	  North",male,07/01/1979,Retail manager,28/02/2016,193.37
Thapponevess52," Mrs Hollie 	Pope  ",male,02/03/1954,Revenue agent,06/01/2016,199.01
Perainchis,"  Mr 	Aidan Hargreaves ",male,03/05/1964,Safety specialist,11/12/2014,"3,130.99"
Farn1978,"  Mr 	Joshua Higgins  ",male,07/04/1980,Operations director,14/10/2015,47.19
Cought,"  Mr 	Harry Lloyd ",male,10/01/1956,Plant operator,21/10/2016,90.49
Cleamee,"Mr Toby 	Black",male,02/11/1968,Relay technician,17/11/2015,"1,150.87"
Porser,"Ms Tegan 	Hopkins",female,02/03/1976,Farmhand,06/02/2017,29.11
Mompok," Mr Thomas 	Dawson  ",male,06/02/1972,Employee assistance plan manager,13/02/2016,903.87
Witivelittly,"Ms Emma 	Baxter",male,06/06/1976,Pipelayer,14/12/2014,856.18
Comat1944,"Mr Oliver 	Marsden",male,30/06/1966,Account executive,19/04/2015,995.97
Weare1972,"  Ms 	Laura Kennedy  ",female,12/06/1973,Private investigator,20/11/2014,"1,381.48"
Oning1948,"  Mrs 	Morgan Williamson  ",female,07/01/1969,Data entry keyer,19/02/2017,53.63
Nagook,"Mr Jonathan 	Perkins",male,04/05/1991,Ordnance handling expert,16/01/2017,204.03
Feby1990,"  Mr 	Declan Howells  ",male,09/03/1992,Set and exhibit designer,11/01/2015,70.39
Neard1957,"  Ms 	Lilly Baldwin  ",male,05/06/1958,Specialist,30/01/2017,152.33
Farg1945,"  Mr 	Harley Oliver  ",male,05/06/1967,Paramedic,26/10/2016,202.33
Meacermir1949,"Mr Ben 	Atkinson",male,01/08/1970,Podiatric surgeon,02/02/2015,566.81
Amorepead1992,"Mr Matthew 	Chan",female,12/06/1994,Lithographer,28/10/2014,236.35
Collow1956,"Mrs Skye 	  Reid",female,08/07/1958,Food service worker,12/05/2016,"1,221.21"
Whortin,"Ms Holly 	Clarke",female,26/02/1971,Log marker,28/04/2014,"1,425.30"
Beatento1990,"  Mr 	Kian Fuller ",female,10/06/1991,Linemen,15/02/2016,802.92
Thiandes,"Ms Leah 	Swift",female,04/08/1965,Leather worker,11/06/2015,367.83
Opurnisting,"  Mr 	Scott Baker ",female,02/04/1979,Chemical engineering technician,13/12/2014,"2,131.45"
Utonce,"  Mr 	Alex Walker ",female,07/05/1988,Anchor,07/09/2014,"3,597.41"
Althe1940,"Mrs Poppy 	Kay",male,28/06/1961,Qualified members of the engine department,13/09/2016,672.09
Tromen,"  Mrs 	Lucy Oliver  ",male,10/08/1987,High school teacher,06/08/2014,"1,561.65"
Patia1965," Mr Peter 	Daniels  ",male,07/05/1967,Court reporter,18/02/2015,"1,052.31"
Steptach39," Ms Mollie 	Stephenson ",male,05/02/1960,Slot key person,24/11/2014,"2,358.12"
Himsord,"  Mr 	Jude Hill  ",male,08/12/1980,Brake repairer,23/08/2014,"2,411.90"
Theread,"Mr Morgan 	Gray",female,27/02/1968,Employment interviewer,21/01/2016,"1,386.97"
Diffeclus1975," Ms Gracie 	Burgess  ",female,09/12/1976,Bench jeweler,23/05/2016,233.15
Bansespoll,"Mr Henry 	Shah",male,05/10/1958,Surgical technologist,22/01/2016,273.5
Thinscion,"  Mrs 	Laura Spencer ",male,27/01/1970,Camp director,07/10/2016,630.82
Allight71,"  Ms 	Jodie Sharpe ",male,07/01/1972,DJ,22/12/2014,727.57
Comisdazied,"  Ms 	Mollie Gardner  ",male,09/09/1954,Inside order clerk,11/04/2015,"1,703.36"
Tholeaugh34,"  Ms 	Brooke Carroll ",female,27/09/1955,Construction laborer,23/04/2015,"2,068.26"
Funt1982,"Mr Muhammad 	   Connolly",male,11/01/1984,Extruding forming pressing and compacting machine tender,31/07/2016,169.5
Bouring,"Mrs Jodie 	Harris",male,04/04/1958,Pesticide vegetation,13/11/2016,270.91
Suff1960,"Mrs Aaliyah 	Dyer",male,02/11/1961,Cleaning supervisor,28/02/2016,"1,104.23"
Shaboys," Ms Isabel 	Forster ",male,08/05/1953,Soldering worker,06/04/2016,585.55
Lefully,"  Dr 	Faith Rose ",male,03/01/1977,Event planner,08/06/2016,291.12
Hatemaked,"Mr Callum 	Gough",female,27/08/1950,Loan service clerk,17/03/2017,94
Loory1956," Mrs Lucy 	Schofield ",female,02/12/1957,Political geographer,23/08/2015,"2,113.39"
Hadvieterell1958,"Mr George 	Webb",female,05/07/1959,Therapeutic recreation specialist,24/08/2014,586.2
Askins,"Mr Alexander 	Power",female,07/03/1969,Quality control technician,28/08/2016,384.08
Himpre,"Mr William 	Hope",female,02/05/1954,Painting restorer,25/07/2015,"1,697.51"
Orde1987,"Mr Jamie 	Shepherd",female,03/07/1988,Registered nurse anesthetist,22/07/2014,110.13
Ruimilot1974,"Mr Kai 	   McCarthy",female,01/06/1975,Rehabilitation counselor,05/08/2014,"3,524.38"
Maketter,"Dr Morgan 	Hutchinson",male,02/01/1971,Line erector,09/01/2017,236.32
Allifigive," Mrs Phoebe 	Allan ",female,11/08/1958,Student services director,03/12/2015,"1,693.20"
Gazinum,"  Mr 	Callum Howarth ",female,03/05/1966,Dyeing machine operator,05/09/2015,762.64
Anduke,"  Ms 	Grace Parker  ",female,03/12/1952,Artificial inseminator,08/02/2016,683.49
Huden1930,"Mr Tyler 	Wallace",male,02/06/1952,Heavy truck and tractor-trailer driver,17/08/2016,361.96
Signatich," Mr Gabriel 	Anderson  ",male,04/10/1956,Guide interpreter,07/10/2015,801.89
Sarren," Ms Lilly 	Allan ",female,04/03/1956,Beautician,02/02/2015,416.08
Outte1934," Mrs Lydia 	Vincent ",female,30/11/1955,Financial investigator,23/07/2015,"2,162.42"
Yourch,"Mr Henry 	Davies",female,07/09/1957,Bicycle repairer,01/03/2015,"1,687.60"
Sming1932,"Ms Abbie 	Blackburn",female,05/01/1953,Motorcycle mechanic,11/07/2016,296.89
Millows,"Ms Maya 	    Simpson",female,03/03/1971,Payroll coordinator,06/06/2016,725.71
Tride1956,"Mr Elliot 	Carr",male,01/10/1957,Underwriter,07/10/2016,354.55
Lasurged,"  Ms 	Isabella Wyatt  ",male,11/07/1981,Extruding and forming machine setter,05/12/2014,"1,302.09"
Grins1963,"  Mrs 	Eloise Morrison  ",female,02/05/1964,Pesticide vegetation,25/10/2015,"1,384.05"
Dreaseenown,"Mr Harvey 	Richardson",male,29/05/1963,Personal trainer,24/08/2014,"1,691.56"
Upoods,"  Mr 	Reece Clark  ",female,29/05/1963,Roofer,19/02/2015,568.15
Phintly,"Mr Zak 	Elliott",male,04/07/1959,Veterinary technologist,25/01/2017,120.49
Hiplent," Mr Oscar 	Sheppard  ",female,07/08/1952,Training manager,01/12/2016,111.67
Wountold,"Ms Tia 	Sharpe",male,08/02/1974,Fiscal technician,03/02/2015,"2,825.28"
Squitteord,"Mr Benjamin 	Haynes",female,06/02/1968,Real estate closer,20/03/2015,960.22
Wifeatist1967,"Mr Noah 	Perkins",male,09/03/1969,Deputy marshal,02/02/2015,"1,504.04"
Blever," Mr Lewis 	Leach ",male,11/05/1961,Information processing worker,03/03/2016,941.74
Youggedge,"Mr Matthew 	Richardson",male,09/03/1978,Meat packer,21/09/2015,"1,562.77"
Sual1973,"Mr Jonathan 	   Fitzgerald",male,04/07/1974,Specialist,13/09/2015,201.56
Carceses,"  Mr 	Mohammed Chadwick  ",male,08/05/1954,Biomedical engineer,09/09/2014,"1,928.79"
Nowassained,"Mr Bradley 	Fletcher",female,29/02/1968,Computer clerk,22/01/2015,15.51
Heread,"Mr Andrew 	Mistry",female,08/05/1969,Public health dietitian,27/11/2015,844.78
Untoonesch94,"Ms Lara 	Davidson",male,09/01/1996,Registered representative,10/06/2014,"3,126.25"
Eyeanned,"  Mr 	William Hartley ",female,07/02/1966,Oral and maxillofacial surgeon,22/02/2015,154.04
Hitche,"Ms Ellie 	Godfrey",male,10/02/1959,Graphic designer,30/12/2015,263.44
Ofigaill,"Ms Gracie 	Carter",female,12/07/1960,Banker investigator,20/12/2015,"1,077.80"
Youghoor1941,"  Mr 	Andrew Hawkins ",female,30/05/1962,Support specialist,14/09/2015,"1,835.12"
Hisen1975," Mr Sean 	Turner  ",female,01/06/1977,PBX installer,14/10/2015,"1,444.55"
Adint1929," Mr George 	Hudson ",male,27/12/1950,First responder,21/01/2017,200.08
Foryanceir," Mr Toby 	Henry  ",female,01/11/1958,Hearing therapist,20/06/2016,628.45
Agon1935,"Mrs Amber 	Singh",female,07/10/1956,Developmental disabilities nurse,24/01/2017,90.03
Ambee1990,"  Mr 	Jacob Simpson ",female,10/06/1992,Line installer,09/08/2016,645.15
Witswoompose,"Mr Jayden 	Bradley",male,05/03/1955,Tree planter,07/09/2015,159.39
Mucland," Mrs Elise 	Taylor ",male,10/03/1954,Public relations consultant,30/10/2015,"1,672.20"
Wassinger1966,"  Mr 	John Hill ",female,02/12/1967,Community health educator,31/12/2015,"1,612.77"
Upold1984,"  Mrs 	Natasha West ",male,10/07/1986,Speech pathologist,11/03/2017,11.57
Searlitnot,"Mr Jamie 	Davidson",female,02/09/1962,Mail carrier,04/06/2016,131.69
Marelpt," Ms Abigail 	Swift ",male,05/04/1961,Collision repair and refinish technician,14/10/2015,"1,579.03"
Forgual," Ms Demi 	Garner  ",female,02/03/1962,Reinforcing iron and rebar worker,20/01/2017,94.38
Claid1934," Mr Kieran 	Brooks  ",male,01/09/1955,Order processor,10/10/2016,249.82
Keent1990,"  Mr 	David Thomas  ",male,08/05/1992,Medical writer,23/01/2017,11.87
Beets1956,"Ms Rachel 	Buckley",male,07/05/1958,Receive-and-deliver clerk,26/08/2016,50.85
Beill1977," Mr Benjamin 	Lawrence  ",male,06/04/1979,Department manager,21/11/2015,227.56
Frelf1964,"  Mr 	Thomas Woods ",female,03/04/1966,Political analyst,01/08/2015,"1,100.88"
Tasaddeepled," Mrs Maddison 	Peters ",male,06/03/1983,Ceiling tile installer,28/09/2015,"2,079.90"
Sibithely,"  Mrs 	Olivia Hunt  ",female,05/04/1990,Affirmative action coordinator,24/03/2016,203.12
Bele1941," Mrs Sofia 	Conway  ",male,07/01/1963,Freight stock and material mover,13/10/2014,"1,250.18"
Sibille,"Mrs Erin 	     Power",female,10/10/1986,Communications equipment operator,08/12/2015,436.13
Motosed,"Mr Louie 	Wright",male,10/07/1969,Checker,30/11/2014,254.93
Foused,"Ms Ella 	Bradley",female,05/06/1978,Ordnance handling expert,17/08/2015,"1,290.19"
Heringre," Ms Aaliyah 	Allan ",male,27/04/1949,Employment service specialist,04/11/2014,"3,419.67"
Suld1993,"Ms Courtney 	Green",female,07/05/1995,Insurance sales agent,31/12/2016,78.64
Frompal1933,"Mrs Lydia 	    Duffy",female,29/06/1954,Court reporter,14/08/2014,"2,057.37"
Messin,"  Mr 	Taylor Lowe ",male,06/08/1955,Health care translator,12/03/2017,36.11
Dorbacted," Ms Laura 	West ",male,29/11/1956,Derrick operator,03/04/2016,113.92
Hion1942,"Mr Leo 	Bell",male,01/10/1963,Health care translator,17/01/2017,84.62
Brud1934,"  Mr 	Aidan Hill ",female,06/03/1956,Vocational education teacher,30/08/2016,195.88
Lifying,"Dr Demi 	Bailey",female,07/05/1958,Aircraft surfaces assembler,30/04/2014,"1,555.79"
Agive1937," Mr Ethan 	Lloyd  ",male,30/09/1958,Caulker,17/02/2017,95.39
Antict," Mr Kian 	Iqbal ",male,12/11/1988,Transit and railroad police,17/01/2017,191.42
Hiltat43,"Mr Oliver 	Murray",male,26/02/1965,Industrial economist,11/04/2015,"1,967.18"
Aftess1962," Mr Ewan 	Harding ",male,12/03/1963,Biological scientist,13/10/2015,655.44
Monexte," Mr Rhys 	Peters ",female,04/01/1967,Administrative assistant for human resource,25/04/2014,"1,648.57"
Treadevent,"Mr Jake 	Jordan",male,06/01/1957,Teacher assistant,24/01/2015,82.4
Saft1950,"Mrs Laura 	Wilson",male,27/08/1971,Gemologist,01/09/2016,193.13
Forely,"Mr Samuel 	   Robinson",female,08/08/1967,Military officer,27/11/2014,"1,067.42"
Theaborth1977,"  Mrs 	Alice Davies ",female,02/05/1978,Scaler,06/07/2015,"2,059.15"
Homfortiver,"  Mrs 	Maya Norris ",female,02/08/1963,Structural and reinforcing iron and metal worker,25/10/2014,380.38
Liagn1993,"  Mrs 	Rosie Lyons  ",male,01/02/1995,Conference service coordinator,06/02/2015,"2,467.69"
Pards1987," Mrs Alisha 	Sullivan ",female,04/01/1988,Bucker,26/01/2017,149.77
Mosous," Mr Adam 	Reynolds  ",male,11/09/1971,Hearing officer,31/07/2016,245.48
Forgiagether,"  Mr 	Jude Humphries ",female,08/04/1995,Surveillance officer,01/06/2014,"2,410.70"
Hipleoped,"Mr James 	Davison",male,06/04/1983,Fumigator,25/04/2015,"1,287.54"
Aftek1957," Mrs Mollie 	Barrett ",female,05/02/1959,Food science technician,02/09/2014,"2,502.84"
Famak1945," Ms Libby 	Dawson ",female,01/06/1967,Medical interpreter,03/05/2015,338.01
Hiscaralls," Mrs Megan 	Mitchell ",male,07/01/1956,Pesticide handler,26/06/2015,400.29
Formlee,"Mr Joel 	    Ball",female,12/11/1954,Boatswain,28/12/2014,"2,046.08"
Amych1990,"Mr Freddie 	Daniels",female,06/03/1991,Fumigator,04/11/2015,75.91
Proffelf,"Ms Isabel 	Brennan",female,01/06/1966,Conference interpreter,06/10/2015,821.25
Thather,"Mrs Ruby 	     Skinner",female,27/12/1956,Appellate court judge,02/10/2014,257.51
Faccur,"  Mr 	Joel Russell  ",male,07/01/1950,Vascular sonographer,09/12/2016,322.28
Youting45," Mrs Maddison 	Wood  ",male,07/08/1966,Immigration inspector,02/12/2014,"1,514.90"
Laustim,"  Mr 	Andrew King  ",male,09/09/1971,Nutritionist,01/10/2014,"2,451.73"
Armare,"  Mrs 	Victoria Page  ",female,02/08/1959,Secondary school teacher,16/07/2014,592.89
Begglas,"Mr Connor 	Bond",male,27/01/1951,Desk clerk,03/06/2015,"2,250.44"
Nore1988,"  Mr 	Matthew Campbell ",female,01/02/1989,Employment consultant,02/07/2014,"3,067.79"
Madinem,"Mr Sean 	Parkes",male,01/03/1979,Excavating operator,21/06/2014,"3,398.63"
Bassiderae," Mr Louis 	Walters ",male,09/06/1969,Nursery and greenhouse manager,20/02/2015,"1,579.71"
Theigh,"Mr Logan 	Morton",male,11/10/1952,Passenger rate clerk,06/12/2015,"1,223.38"
Thingdou," Mrs Eve 	Bartlett  ",female,01/04/1955,Photogrammetrist,21/10/2014,"1,430.85"
Thaster,"  Ms 	Amy Burton ",female,07/01/1969,Prepress worker,17/09/2014,"3,494.90"
Thableaddles,"  Ms 	Alicia Johnston ",female,02/01/1986,Personal trainer,28/04/2016,376.56
Harl1971,"  Mr 	Leon Pugh  ",male,05/03/1973,Acoustical carpenter,09/12/2014,"2,657.99"
Lacquess," Mr Luke 	Page  ",female,02/12/1961,Mail clerk,01/11/2014,"3,260.71"
Stiverrom,"Mr David 	May",male,11/10/1965,Emergency physician,15/07/2014,"1,714.19"
Poseeut,"Mr Evan 	Ahmed",male,08/05/1978,Credit analyst,26/11/2016,77.04
Shoundomits,"  Ms 	Millie Marsh ",female,29/03/1962,Health information technician,02/07/2015,"2,450.00"
Offeacy,"  Mrs 	Rachel Wood  ",female,10/11/1976,Semiconductor processing technician,31/07/2016,464.34
Bose1968,"Mr Bailey 	Connor",female,07/03/1970,Entomologist,18/11/2015,"1,855.43"
Thujered,"Mr Noah 	Blake",male,27/06/1962,Glazier,03/05/2016,"1,134.11"
Musbacquou,"  Mr 	Nathan Reid  ",female,01/09/1961,Entomologist,18/10/2016,475.25
Peave1937,"Mr Liam 	Welch",female,06/02/1958,Environmental meteorologist,07/02/2015,707.03
Doweed1967,"Ms Natasha 	    Abbott",female,10/01/1968,Assistant editor,15/09/2014,"3,619.03"
Comforabiged," Ms Lily 	Barlow ",female,10/02/1989,Systems analyst,24/09/2016,67.21
Wherfes,"Mrs Natasha 	Metcalfe",female,01/01/1967,Radio and telecommunications equipment repairer,14/12/2015,"1,482.04"
Mudis1948,"  Ms 	Eleanor Morrison ",male,02/04/1970,Full-charge bookkeeper,02/07/2016,569.03
Hinqually," Mrs Isabelle 	Haynes  ",male,07/05/1954,Webmaster,16/03/2017,86.12
Freyed1949,"Ms Eleanor 	Chamberlain",female,27/07/1970,School teacher,04/09/2015,138.17
Alitill,"  Dr 	Skye Lynch  ",female,11/04/1968,Sprinklerfitter,06/10/2016,553.44
Sonsen,"  Mr 	Harry Welch  ",female,10/03/1969,Recording engineer,14/12/2015,"1,079.17"
Lostelly,"Mr Christopher 	Williams",male,06/03/1989,Economic geographer,31/08/2016,32.76
Squels,"Mrs Scarlett 	Hartley",female,04/05/1952,Cementing and gluing machine tender,04/06/2016,"1,071.94"
Cine1947,"Ms Victoria 	    Riley",male,04/10/1968,Lyricist,05/10/2015,"1,681.99"
Perrid1965,"  Mr 	Joseph Davidson ",male,04/03/1967,Business management consultant,02/05/2015,"1,859.27"
Obeguistake,"Ms Maddison 	Browne",male,02/02/1955,Staffing specialist,20/10/2015,"1,033.23"
Fingrifuread53,"Mr Joe 	Thornton",male,08/01/1955,Coin vending and amusement machine servicer,24/06/2014,"1,076.21"
Inack1936,"Mr Corey 	Pearce",female,29/04/1957,Weathercaster,01/12/2015,264.51
Brild1978,"Mr Max 	     Farrell",male,04/06/1979,Radiographer,18/11/2014,"1,407.94"
Goome1963,"Mrs Abigail 	Finch",female,04/11/1964,Electrical and electronics repairer,27/12/2014,"1,675.40"
Whoas1960,"  Mr 	Scott Bray ",male,09/04/1962,Podiatric surgeon,05/10/2016,112.29
Ablessairse,"Ms Holly 	Ball",male,02/08/1990,Lathe and turning machine tool operator,29/05/2014,"1,308.49"
Putione," Mr Jonathan 	Waters ",female,05/08/1971,Interpreter,19/08/2015,"1,772.25"
Feackle33,"Mr Bradley 	Randall",female,27/12/1954,Geographic information specialist,06/08/2014,"1,556.30"
Comens1945," Ms Nicole 	Giles  ",male,07/04/1967,Music director,13/01/2017,47.61
Washate,"Ms Eve 	Ward",female,03/01/1963,Ambulance driver,25/02/2017,53.44
